{
  "Get Wallet Assets" : {
    "transaction" : "Get Wallet Assets",
    "sampleCount" : 200,
    "errorCount" : 0,
    "errorPct" : 0.0,
    "meanResTime" : 1984.0050000000008,
    "medianResTime" : 1888.0,
    "minResTime" : 529.0,
    "maxResTime" : 4636.0,
    "pct1ResTime" : 3741.5,
    "pct2ResTime" : 4107.199999999999,
    "pct3ResTime" : 4537.730000000001,
    "throughput" : 11.406410402646287,
    "receivedKBytesPerSec" : 30.96946245508726,
    "sentKBytesPerSec" : 17.610929568980268
  },
  "WALLET" : {
    "transaction" : "WALLET",
    "sampleCount" : 200,
    "errorCount" : 0,
    "errorPct" : 0.0,
    "meanResTime" : 3708.7450000000017,
    "medianResTime" : 3508.5,
    "minResTime" : 1068.0,
    "maxResTime" : 8311.0,
    "pct1ResTime" : 6357.1,
    "pct2ResTime" : 6835.449999999999,
    "pct3ResTime" : 7773.02,
    "throughput" : 11.039355301650383,
    "receivedKBytesPerSec" : 36.72978935530165,
    "sentKBytesPerSec" : 34.06686830739085
  },
  "Total" : {
    "transaction" : "Total",
    "sampleCount" : 1000,
    "errorCount" : 0,
    "errorPct" : 0.0,
    "meanResTime" : 1852.5790000000025,
    "medianResTime" : 1362.0,
    "minResTime" : 0.0,
    "maxResTime" : 7592.0,
    "pct1ResTime" : 4297.8,
    "pct2ResTime" : 5457.8499999999985,
    "pct3ResTime" : 6806.4800000000005,
    "throughput" : 49.5000495000495,
    "receivedKBytesPerSec" : 67.2722591667904,
    "sentKBytesPerSec" : 44.05678429115929
  },
  "Send 2FA" : {
    "transaction" : "Send 2FA",
    "sampleCount" : 200,
    "errorCount" : 0,
    "errorPct" : 0.0,
    "meanResTime" : 0.3850000000000001,
    "medianResTime" : 0.0,
    "minResTime" : 0.0,
    "maxResTime" : 10.0,
    "pct1ResTime" : 1.0,
    "pct2ResTime" : 1.0,
    "pct3ResTime" : 8.980000000000018,
    "throughput" : 14.522218995062445,
    "receivedKBytesPerSec" : 0.0,
    "sentKBytesPerSec" : 0.0
  },
  "Get Wallet Balance Curreny" : {
    "transaction" : "Get Wallet Balance Curreny",
    "sampleCount" : 200,
    "errorCount" : 0,
    "errorPct" : 0.0,
    "meanResTime" : 1724.74,
    "medianResTime" : 1234.0,
    "minResTime" : 459.0,
    "maxResTime" : 4789.0,
    "pct1ResTime" : 3518.8000000000006,
    "pct2ResTime" : 3958.7,
    "pct3ResTime" : 4618.630000000001,
    "throughput" : 11.538017768547364,
    "receivedKBytesPerSec" : 7.062134479202723,
    "sentKBytesPerSec" : 17.791589596313603
  },
  "Post Request-code-login" : {
    "transaction" : "Post Request-code-login",
    "sampleCount" : 200,
    "errorCount" : 0,
    "errorPct" : 0.0,
    "meanResTime" : 1960.980000000001,
    "medianResTime" : 1582.5,
    "minResTime" : 551.0,
    "maxResTime" : 4807.0,
    "pct1ResTime" : 3984.3,
    "pct2ResTime" : 4364.25,
    "pct3ResTime" : 4772.98,
    "throughput" : 13.86289595896583,
    "receivedKBytesPerSec" : 8.51539214666944,
    "sentKBytesPerSec" : 8.66410690458862
  },
  "Post Authen" : {
    "transaction" : "Post Authen",
    "sampleCount" : 200,
    "errorCount" : 0,
    "errorPct" : 0.0,
    "meanResTime" : 3592.7850000000003,
    "medianResTime" : 3250.0,
    "minResTime" : 870.0,
    "maxResTime" : 7592.0,
    "pct1ResTime" : 6525.3,
    "pct2ResTime" : 6804.4,
    "pct3ResTime" : 7488.380000000001,
    "throughput" : 11.027790030877812,
    "receivedKBytesPerSec" : 31.47050195398655,
    "sentKBytesPerSec" : 8.15221839504301
  },
  "AUTHENTICATOR" : {
    "transaction" : "AUTHENTICATOR",
    "sampleCount" : 200,
    "errorCount" : 0,
    "errorPct" : 0.0,
    "meanResTime" : 5554.15,
    "medianResTime" : 5273.0,
    "minResTime" : 1687.0,
    "maxResTime" : 11101.0,
    "pct1ResTime" : 9483.2,
    "pct2ResTime" : 10020.749999999998,
    "pct3ResTime" : 11091.33,
    "throughput" : 10.637732035530025,
    "receivedKBytesPerSec" : 36.891685864448704,
    "sentKBytesPerSec" : 14.512297384447637
  }
}