{
  "Get Whitelist-internal list" : {
    "transaction" : "Get Whitelist-internal list",
    "sampleCount" : 200,
    "errorCount" : 0,
    "errorPct" : 0.0,
    "meanResTime" : 5953.844999999998,
    "medianResTime" : 6438.5,
    "minResTime" : 528.0,
    "maxResTime" : 10093.0,
    "pct1ResTime" : 8086.700000000001,
    "pct2ResTime" : 8493.0,
    "pct3ResTime" : 9805.28,
    "throughput" : 8.243343500123649,
    "receivedKBytesPerSec" : 10.478223404913033,
    "sentKBytesPerSec" : 12.767441755626082
  },
  "WALLET" : {
    "transaction" : "WALLET",
    "sampleCount" : 200,
    "errorCount" : 0,
    "errorPct" : 0.0,
    "meanResTime" : 11712.235,
    "medianResTime" : 11800.5,
    "minResTime" : 1217.0,
    "maxResTime" : 18346.0,
    "pct1ResTime" : 15025.400000000001,
    "pct2ResTime" : 15776.4,
    "pct3ResTime" : 18278.460000000003,
    "throughput" : 6.902025744556027,
    "receivedKBytesPerSec" : 17.432670199641095,
    "sentKBytesPerSec" : 21.986591736549677
  },
  "Total" : {
    "transaction" : "Total",
    "sampleCount" : 1200,
    "errorCount" : 3,
    "errorPct" : 0.25,
    "meanResTime" : 10086.485833333325,
    "medianResTime" : 6014.0,
    "minResTime" : 0.0,
    "maxResTime" : 41609.0,
    "pct1ResTime" : 37344.4,
    "pct2ResTime" : 38607.85,
    "pct3ResTime" : 39755.48,
    "throughput" : 16.213806055856562,
    "receivedKBytesPerSec" : 47.14398978699113,
    "sentKBytesPerSec" : 12.294809850900542
  },
  "Send 2FA" : {
    "transaction" : "Send 2FA",
    "sampleCount" : 400,
    "errorCount" : 0,
    "errorPct" : 0.0,
    "meanResTime" : 0.5175000000000003,
    "medianResTime" : 0.0,
    "minResTime" : 0.0,
    "maxResTime" : 8.0,
    "pct1ResTime" : 1.0,
    "pct2ResTime" : 1.0,
    "pct3ResTime" : 1.0,
    "throughput" : 11.66044776119403,
    "receivedKBytesPerSec" : 0.0,
    "sentKBytesPerSec" : 0.0
  },
  "POST Wallet transfer create" : {
    "transaction" : "POST Wallet transfer create",
    "sampleCount" : 200,
    "errorCount" : 0,
    "errorPct" : 0.0,
    "meanResTime" : 5757.929999999999,
    "medianResTime" : 5872.0,
    "minResTime" : 562.0,
    "maxResTime" : 11086.0,
    "pct1ResTime" : 8477.4,
    "pct2ResTime" : 9055.15,
    "pct3ResTime" : 10746.660000000005,
    "throughput" : 7.87308585600126,
    "receivedKBytesPerSec" : 9.877724210723143,
    "sentKBytesPerSec" : 12.885950355273
  },
  "Post Request-code-login" : {
    "transaction" : "Post Request-code-login",
    "sampleCount" : 200,
    "errorCount" : 3,
    "errorPct" : 1.5,
    "meanResTime" : 37595.92000000002,
    "medianResTime" : 37692.5,
    "minResTime" : 32966.0,
    "maxResTime" : 41609.0,
    "pct1ResTime" : 39477.8,
    "pct2ResTime" : 39986.6,
    "pct3ResTime" : 41463.18,
    "throughput" : 4.292582417582418,
    "receivedKBytesPerSec" : 51.79604331215659,
    "sentKBytesPerSec" : 2.6828011313637536
  },
  "Post Authen" : {
    "transaction" : "Post Authen",
    "sampleCount" : 200,
    "errorCount" : 0,
    "errorPct" : 0.0,
    "meanResTime" : 11210.184999999998,
    "medianResTime" : 11695.5,
    "minResTime" : 2749.0,
    "maxResTime" : 18191.0,
    "pct1ResTime" : 15333.4,
    "pct2ResTime" : 16311.65,
    "pct3ResTime" : 17666.050000000003,
    "throughput" : 7.410151908114116,
    "receivedKBytesPerSec" : 21.146576278251207,
    "sentKBytesPerSec" : 5.477904142738051
  },
  "AUTHENTICATOR" : {
    "transaction" : "AUTHENTICATOR",
    "sampleCount" : 200,
    "errorCount" : 3,
    "errorPct" : 1.5,
    "meanResTime" : 48806.67999999998,
    "medianResTime" : 49407.0,
    "minResTime" : 38544.0,
    "maxResTime" : 57922.0,
    "pct1ResTime" : 52755.6,
    "pct2ResTime" : 54161.0,
    "pct3ResTime" : 57815.23000000002,
    "throughput" : 3.2264309221139573,
    "receivedKBytesPerSec" : 48.13879047154288,
    "sentKBytesPerSec" : 4.401589067642124
  }
}