{
  "Total" : {
    "transaction" : "Total",
    "sampleCount" : 600,
    "errorCount" : 14,
    "errorPct" : 2.3333333,
    "meanResTime" : 15365.438333333344,
    "medianResTime" : 13013.5,
    "minResTime" : 0.0,
    "maxResTime" : 36173.0,
    "pct1ResTime" : 30418.4,
    "pct2ResTime" : 31735.049999999992,
    "pct3ResTime" : 34230.22,
    "throughput" : 8.567022674053343,
    "receivedKBytesPerSec" : 9.44243741611457,
    "sentKBytesPerSec" : 3.895792208649837
  },
  "Send 2FA" : {
    "transaction" : "Send 2FA",
    "sampleCount" : 200,
    "errorCount" : 0,
    "errorPct" : 0.0,
    "meanResTime" : 0.6149999999999999,
    "medianResTime" : 0.0,
    "minResTime" : 0.0,
    "maxResTime" : 10.0,
    "pct1ResTime" : 1.0,
    "pct2ResTime" : 1.0,
    "pct3ResTime" : 9.980000000000018,
    "throughput" : 4.951107810372571,
    "receivedKBytesPerSec" : 0.0,
    "sentKBytesPerSec" : 0.0
  },
  "Post Request-code-login" : {
    "transaction" : "Post Request-code-login",
    "sampleCount" : 200,
    "errorCount" : 0,
    "errorPct" : 0.0,
    "meanResTime" : 17783.51499999999,
    "medianResTime" : 13390.5,
    "minResTime" : 2545.0,
    "maxResTime" : 33113.0,
    "pct1ResTime" : 29418.4,
    "pct2ResTime" : 29577.2,
    "pct3ResTime" : 30017.34,
    "throughput" : 4.649648951504161,
    "receivedKBytesPerSec" : 2.8560831938438644,
    "sentKBytesPerSec" : 2.905962484598038
  },
  "Post Authen" : {
    "transaction" : "Post Authen",
    "sampleCount" : 200,
    "errorCount" : 14,
    "errorPct" : 7.0,
    "meanResTime" : 28312.185,
    "medianResTime" : 29143.5,
    "minResTime" : 8944.0,
    "maxResTime" : 36173.0,
    "pct1ResTime" : 32142.8,
    "pct2ResTime" : 33534.35,
    "pct3ResTime" : 34953.030000000006,
    "throughput" : 2.9670508997581853,
    "receivedKBytesPerSec" : 7.988176070363613,
    "sentKBytesPerSec" : 2.1933720950717284
  },
  "AUTHENTICATOR" : {
    "transaction" : "AUTHENTICATOR",
    "sampleCount" : 200,
    "errorCount" : 14,
    "errorPct" : 7.0,
    "meanResTime" : 46096.31499999997,
    "medianResTime" : 43675.5,
    "minResTime" : 11527.0,
    "maxResTime" : 61307.0,
    "pct1ResTime" : 59550.3,
    "pct2ResTime" : 60113.25,
    "pct3ResTime" : 60806.42,
    "throughput" : 2.8557149996430353,
    "receivedKBytesPerSec" : 9.442572240665383,
    "sentKBytesPerSec" : 3.895847835011066
  }
}