{
  "Total" : {
    "transaction" : "Total",
    "sampleCount" : 600,
    "errorCount" : 0,
    "errorPct" : 0.0,
    "meanResTime" : 9085.824999999986,
    "medianResTime" : 7561.0,
    "minResTime" : 0.0,
    "maxResTime" : 28763.0,
    "pct1ResTime" : 21452.999999999996,
    "pct2ResTime" : 24212.85,
    "pct3ResTime" : 27420.45,
    "throughput" : 11.182763633652664,
    "receivedKBytesPerSec" : 12.927376686733513,
    "sentKBytesPerSec" : 5.0852816775077345
  },
  "Send 2FA" : {
    "transaction" : "Send 2FA",
    "sampleCount" : 200,
    "errorCount" : 0,
    "errorPct" : 0.0,
    "meanResTime" : 0.555,
    "medianResTime" : 0.0,
    "minResTime" : 0.0,
    "maxResTime" : 15.0,
    "pct1ResTime" : 1.0,
    "pct2ResTime" : 1.0,
    "pct3ResTime" : 9.0,
    "throughput" : 7.699118450937368,
    "receivedKBytesPerSec" : 0.0,
    "sentKBytesPerSec" : 0.0
  },
  "Post Request-code-login" : {
    "transaction" : "Post Request-code-login",
    "sampleCount" : 200,
    "errorCount" : 0,
    "errorPct" : 0.0,
    "meanResTime" : 8533.985,
    "medianResTime" : 7724.0,
    "minResTime" : 4609.0,
    "maxResTime" : 22514.0,
    "pct1ResTime" : 11902.400000000001,
    "pct2ResTime" : 17910.799999999985,
    "pct3ResTime" : 20611.650000000005,
    "throughput" : 6.160670280926565,
    "receivedKBytesPerSec" : 3.7842398502957124,
    "sentKBytesPerSec" : 3.850328681385535
  },
  "Post Authen" : {
    "transaction" : "Post Authen",
    "sampleCount" : 200,
    "errorCount" : 0,
    "errorPct" : 0.0,
    "meanResTime" : 18722.935000000005,
    "medianResTime" : 20154.5,
    "minResTime" : 6786.0,
    "maxResTime" : 28763.0,
    "pct1ResTime" : 25113.5,
    "pct2ResTime" : 27079.85,
    "pct3ResTime" : 28481.39,
    "throughput" : 4.241061961915263,
    "receivedKBytesPerSec" : 12.103013407057126,
    "sentKBytesPerSec" : 3.135176063711353
  },
  "AUTHENTICATOR" : {
    "transaction" : "AUTHENTICATOR",
    "sampleCount" : 200,
    "errorCount" : 0,
    "errorPct" : 0.0,
    "meanResTime" : 27257.475,
    "medianResTime" : 28022.5,
    "minResTime" : 12533.0,
    "maxResTime" : 43704.0,
    "pct1ResTime" : 36198.3,
    "pct2ResTime" : 36966.85,
    "pct3ResTime" : 40324.95000000001,
    "throughput" : 3.727587877884221,
    "receivedKBytesPerSec" : 12.927376686733513,
    "sentKBytesPerSec" : 5.0852816775077345
  }
}