{
  "WALLET" : {
    "transaction" : "WALLET",
    "sampleCount" : 200,
    "errorCount" : 0,
    "errorPct" : 0.0,
    "meanResTime" : 20185.065000000002,
    "medianResTime" : 21598.5,
    "minResTime" : 1694.0,
    "maxResTime" : 46818.0,
    "pct1ResTime" : 37884.90000000001,
    "pct2ResTime" : 40623.6,
    "pct3ResTime" : 43795.91000000002,
    "throughput" : 2.986411826190832,
    "receivedKBytesPerSec" : 7.315644481670898,
    "sentKBytesPerSec" : 13.887631588771091
  },
  "Get Wallet Blockchains" : {
    "transaction" : "Get Wallet Blockchains",
    "sampleCount" : 200,
    "errorCount" : 0,
    "errorPct" : 0.0,
    "meanResTime" : 8550.320000000005,
    "medianResTime" : 1709.5,
    "minResTime" : 461.0,
    "maxResTime" : 26011.0,
    "pct1ResTime" : 22509.4,
    "pct2ResTime" : 23108.85,
    "pct3ResTime" : 25504.910000000007,
    "throughput" : 3.076449776957391,
    "receivedKBytesPerSec" : 3.13353234117828,
    "sentKBytesPerSec" : 4.701680510690663
  },
  "Total" : {
    "transaction" : "Total",
    "sampleCount" : 1400,
    "errorCount" : 0,
    "errorPct" : 0.0,
    "meanResTime" : 8100.942857142858,
    "medianResTime" : 2059.5,
    "minResTime" : 0.0,
    "maxResTime" : 37177.0,
    "pct1ResTime" : 24089.9,
    "pct2ResTime" : 27519.850000000002,
    "pct3ResTime" : 31055.53,
    "throughput" : 18.82074583927083,
    "receivedKBytesPerSec" : 217.55374835318474,
    "sentKBytesPerSec" : 17.625675740394698
  },
  "Get Login page" : {
    "transaction" : "Get Login page",
    "sampleCount" : 200,
    "errorCount" : 0,
    "errorPct" : 0.0,
    "meanResTime" : 1692.1349999999993,
    "medianResTime" : 886.0,
    "minResTime" : 175.0,
    "maxResTime" : 17508.0,
    "pct1ResTime" : 3113.8,
    "pct2ResTime" : 3224.8,
    "pct3ResTime" : 16487.730000000058,
    "throughput" : 8.016032064128256,
    "receivedKBytesPerSec" : 601.1796640155311,
    "sentKBytesPerSec" : 4.336798597194389
  },
  "Get Wallet Deposit Blockchain support" : {
    "transaction" : "Get Wallet Deposit Blockchain support",
    "sampleCount" : 200,
    "errorCount" : 0,
    "errorPct" : 0.0,
    "meanResTime" : 6325.0650000000005,
    "medianResTime" : 847.5,
    "minResTime" : 463.0,
    "maxResTime" : 26553.0,
    "pct1ResTime" : 20977.8,
    "pct2ResTime" : 22635.149999999998,
    "pct3ResTime" : 24826.93,
    "throughput" : 3.790750568612585,
    "receivedKBytesPerSec" : 2.561718157695224,
    "sentKBytesPerSec" : 5.915495877558757
  },
  "Send 2FA" : {
    "transaction" : "Send 2FA",
    "sampleCount" : 200,
    "errorCount" : 0,
    "errorPct" : 0.0,
    "meanResTime" : 0.6500000000000002,
    "medianResTime" : 0.0,
    "minResTime" : 0.0,
    "maxResTime" : 30.0,
    "pct1ResTime" : 1.0,
    "pct2ResTime" : 1.0,
    "pct3ResTime" : 10.990000000000009,
    "throughput" : 4.549694033076276,
    "receivedKBytesPerSec" : 0.0,
    "sentKBytesPerSec" : 0.0
  },
  "Get Wallet Withdraw Blockchain suport" : {
    "transaction" : "Get Wallet Withdraw Blockchain suport",
    "sampleCount" : 200,
    "errorCount" : 0,
    "errorPct" : 0.0,
    "meanResTime" : 5309.6799999999985,
    "medianResTime" : 712.5,
    "minResTime" : 476.0,
    "maxResTime" : 25330.0,
    "pct1ResTime" : 20061.800000000003,
    "pct2ResTime" : 22314.8,
    "pct3ResTime" : 25021.150000000012,
    "throughput" : 4.1704026523760875,
    "receivedKBytesPerSec" : 3.149936890078612,
    "sentKBytesPerSec" : 6.512018579143816
  },
  "Post Request-code-login" : {
    "transaction" : "Post Request-code-login",
    "sampleCount" : 200,
    "errorCount" : 0,
    "errorPct" : 0.0,
    "meanResTime" : 12689.769999999995,
    "medianResTime" : 13154.0,
    "minResTime" : 787.0,
    "maxResTime" : 23613.0,
    "pct1ResTime" : 20360.5,
    "pct2ResTime" : 21866.1,
    "pct3ResTime" : 23601.550000000007,
    "throughput" : 4.46977315901218,
    "receivedKBytesPerSec" : 2.7455930830260367,
    "sentKBytesPerSec" : 2.7935427491898537
  },
  "Post Authen" : {
    "transaction" : "Post Authen",
    "sampleCount" : 200,
    "errorCount" : 0,
    "errorPct" : 0.0,
    "meanResTime" : 22138.98,
    "medianResTime" : 26185.0,
    "minResTime" : 858.0,
    "maxResTime" : 37177.0,
    "pct1ResTime" : 30628.8,
    "pct2ResTime" : 31959.649999999998,
    "pct3ResTime" : 36031.670000000006,
    "throughput" : 3.1375009804690563,
    "receivedKBytesPerSec" : 8.953490224723508,
    "sentKBytesPerSec" : 2.3193761520511416
  },
  "AUTHENTICATOR" : {
    "transaction" : "AUTHENTICATOR",
    "sampleCount" : 200,
    "errorCount" : 0,
    "errorPct" : 0.0,
    "meanResTime" : 36521.53499999998,
    "medianResTime" : 38695.5,
    "minResTime" : 7391.0,
    "maxResTime" : 58119.0,
    "pct1ResTime" : 50228.3,
    "pct2ResTime" : 51945.75,
    "pct3ResTime" : 56630.36000000001,
    "throughput" : 2.9687685548034675,
    "receivedKBytesPerSec" : 232.94478705115932,
    "sentKBytesPerSec" : 5.656228893911056
  }
}