{
  "Get Wallet Assets" : {
    "transaction" : "Get Wallet Assets",
    "sampleCount" : 100,
    "errorCount" : 63,
    "errorPct" : 63.0,
    "meanResTime" : 689.7600000000001,
    "medianResTime" : 667.0,
    "minResTime" : 435.0,
    "maxResTime" : 1112.0,
    "pct1ResTime" : 899.4000000000001,
    "pct2ResTime" : 959.6999999999999,
    "pct3ResTime" : 1111.93,
    "throughput" : 0.661261952309788,
    "receivedKBytesPerSec" : 0.907575571908931,
    "sentKBytesPerSec" : 0.0
  },
  "POST Convert Create" : {
    "transaction" : "POST Convert Create",
    "sampleCount" : 100,
    "errorCount" : 63,
    "errorPct" : 63.0,
    "meanResTime" : 670.8399999999999,
    "medianResTime" : 649.0,
    "minResTime" : 419.0,
    "maxResTime" : 1124.0,
    "pct1ResTime" : 869.0000000000002,
    "pct2ResTime" : 951.4499999999996,
    "pct3ResTime" : 1123.5199999999998,
    "throughput" : 0.669429177740141,
    "receivedKBytesPerSec" : 0.45468884931818637,
    "sentKBytesPerSec" : 0.0
  },
  "Get Whitelist-internal list" : {
    "transaction" : "Get Whitelist-internal list",
    "sampleCount" : 100,
    "errorCount" : 63,
    "errorPct" : 63.0,
    "meanResTime" : 700.62,
    "medianResTime" : 658.5,
    "minResTime" : 426.0,
    "maxResTime" : 3478.0,
    "pct1ResTime" : 913.1000000000003,
    "pct2ResTime" : 984.5999999999999,
    "pct3ResTime" : 3454.949999999988,
    "throughput" : 0.6680026720106881,
    "receivedKBytesPerSec" : 0.45593791750167006,
    "sentKBytesPerSec" : 0.0
  },
  "Get Wallet Withdraw Get Currencies" : {
    "transaction" : "Get Wallet Withdraw Get Currencies",
    "sampleCount" : 100,
    "errorCount" : 63,
    "errorPct" : 63.0,
    "meanResTime" : 715.7999999999997,
    "medianResTime" : 678.0,
    "minResTime" : 428.0,
    "maxResTime" : 1279.0,
    "pct1ResTime" : 962.6000000000004,
    "pct2ResTime" : 1090.1999999999996,
    "pct3ResTime" : 1278.4999999999998,
    "throughput" : 0.6654865372073523,
    "receivedKBytesPerSec" : 1.8106497914531565,
    "sentKBytesPerSec" : 0.0
  },
  "Get Wallet Deposit Currencies" : {
    "transaction" : "Get Wallet Deposit Currencies",
    "sampleCount" : 100,
    "errorCount" : 63,
    "errorPct" : 63.0,
    "meanResTime" : 722.6699999999998,
    "medianResTime" : 673.5,
    "minResTime" : 418.0,
    "maxResTime" : 4213.0,
    "pct1ResTime" : 885.1,
    "pct2ResTime" : 988.5999999999999,
    "pct3ResTime" : 4183.749999999985,
    "throughput" : 0.6635259770420012,
    "receivedKBytesPerSec" : 1.8053155169696768,
    "sentKBytesPerSec" : 0.0
  },
  "Get Wallet Deposit Blockchain support" : {
    "transaction" : "Get Wallet Deposit Blockchain support",
    "sampleCount" : 100,
    "errorCount" : 64,
    "errorPct" : 64.0,
    "meanResTime" : 654.2500000000002,
    "medianResTime" : 649.0,
    "minResTime" : 417.0,
    "maxResTime" : 1191.0,
    "pct1ResTime" : 841.0000000000002,
    "pct2ResTime" : 947.4499999999998,
    "pct3ResTime" : 1188.959999999999,
    "throughput" : 0.6634247311471276,
    "receivedKBytesPerSec" : 0.3976725920170102,
    "sentKBytesPerSec" : 0.0
  },
  "Get Wallet Currencies" : {
    "transaction" : "Get Wallet Currencies",
    "sampleCount" : 100,
    "errorCount" : 0,
    "errorPct" : 0.0,
    "meanResTime" : 704.2500000000002,
    "medianResTime" : 691.0,
    "minResTime" : 481.0,
    "maxResTime" : 1103.0,
    "pct1ResTime" : 883.3000000000001,
    "pct2ResTime" : 939.7499999999998,
    "pct3ResTime" : 1102.1799999999996,
    "throughput" : 0.6623218354262703,
    "receivedKBytesPerSec" : 4.459689747754728,
    "sentKBytesPerSec" : 0.0
  },
  "Get Wallet Convert Curreny2 Swap enable" : {
    "transaction" : "Get Wallet Convert Curreny2 Swap enable",
    "sampleCount" : 100,
    "errorCount" : 63,
    "errorPct" : 63.0,
    "meanResTime" : 660.4400000000002,
    "medianResTime" : 655.0,
    "minResTime" : 424.0,
    "maxResTime" : 1328.0,
    "pct1ResTime" : 832.8000000000001,
    "pct2ResTime" : 891.5999999999999,
    "pct3ResTime" : 1326.3199999999993,
    "throughput" : 0.662712482189602,
    "receivedKBytesPerSec" : 0.5426023165943206,
    "sentKBytesPerSec" : 0.0
  },
  "Get Wallet Deposit Address" : {
    "transaction" : "Get Wallet Deposit Address",
    "sampleCount" : 100,
    "errorCount" : 63,
    "errorPct" : 63.0,
    "meanResTime" : 651.4799999999999,
    "medianResTime" : 643.5,
    "minResTime" : 437.0,
    "maxResTime" : 1310.0,
    "pct1ResTime" : 825.7,
    "pct2ResTime" : 906.0999999999998,
    "pct3ResTime" : 1308.1999999999991,
    "throughput" : 0.6635656034133816,
    "receivedKBytesPerSec" : 0.3828980895946278,
    "sentKBytesPerSec" : 0.0
  },
  "WALLET" : {
    "transaction" : "WALLET",
    "sampleCount" : 100,
    "errorCount" : 64,
    "errorPct" : 64.0,
    "meanResTime" : 13751.310000000003,
    "medianResTime" : 13371.5,
    "minResTime" : 11076.0,
    "maxResTime" : 21490.0,
    "pct1ResTime" : 15767.3,
    "pct2ResTime" : 17390.299999999992,
    "pct3ResTime" : 21455.13999999998,
    "throughput" : 0.6178216843054757,
    "receivedKBytesPerSec" : 19.512244743109743,
    "sentKBytesPerSec" : 0.0
  },
  "Get Wallet Blockchains" : {
    "transaction" : "Get Wallet Blockchains",
    "sampleCount" : 100,
    "errorCount" : 0,
    "errorPct" : 0.0,
    "meanResTime" : 728.2400000000002,
    "medianResTime" : 631.0,
    "minResTime" : 420.0,
    "maxResTime" : 5678.0,
    "pct1ResTime" : 848.4000000000001,
    "pct2ResTime" : 980.95,
    "pct3ResTime" : 5664.819999999993,
    "throughput" : 0.6617257808364214,
    "receivedKBytesPerSec" : 0.6662492969163578,
    "sentKBytesPerSec" : 0.0
  },
  "Get Wallet Transactions" : {
    "transaction" : "Get Wallet Transactions",
    "sampleCount" : 100,
    "errorCount" : 63,
    "errorPct" : 63.0,
    "meanResTime" : 728.21,
    "medianResTime" : 686.5,
    "minResTime" : 442.0,
    "maxResTime" : 1544.0,
    "pct1ResTime" : 927.2000000000002,
    "pct2ResTime" : 1041.1499999999999,
    "pct3ResTime" : 1541.3899999999987,
    "throughput" : 0.6617783307303385,
    "receivedKBytesPerSec" : 2.0872643655531142,
    "sentKBytesPerSec" : 0.0
  },
  "Post Request-code-login" : {
    "transaction" : "Post Request-code-login",
    "sampleCount" : 100,
    "errorCount" : 0,
    "errorPct" : 0.0,
    "meanResTime" : 718.82,
    "medianResTime" : 714.0,
    "minResTime" : 482.0,
    "maxResTime" : 1069.0,
    "pct1ResTime" : 919.2000000000002,
    "pct2ResTime" : 992.0999999999998,
    "pct3ResTime" : 1068.82,
    "throughput" : 0.6602621240632531,
    "receivedKBytesPerSec" : 0.3984785084678617,
    "sentKBytesPerSec" : 0.0
  },
  "Send 2FA" : {
    "transaction" : "Send 2FA",
    "sampleCount" : 300,
    "errorCount" : 0,
    "errorPct" : 0.0,
    "meanResTime" : 0.6200000000000007,
    "medianResTime" : 1.0,
    "minResTime" : 0.0,
    "maxResTime" : 11.0,
    "pct1ResTime" : 1.0,
    "pct2ResTime" : 1.0,
    "pct3ResTime" : 8.930000000000064,
    "throughput" : 1.8557695876479976,
    "receivedKBytesPerSec" : 0.0,
    "sentKBytesPerSec" : 0.0
  },
  "Get Wallet Balance Curreny" : {
    "transaction" : "Get Wallet Balance Curreny",
    "sampleCount" : 100,
    "errorCount" : 63,
    "errorPct" : 63.0,
    "meanResTime" : 658.0,
    "medianResTime" : 641.5,
    "minResTime" : 99.0,
    "maxResTime" : 1290.0,
    "pct1ResTime" : 844.5000000000001,
    "pct2ResTime" : 1028.8499999999988,
    "pct3ResTime" : 1289.5899999999997,
    "throughput" : 0.6623086755813414,
    "receivedKBytesPerSec" : 0.38226335297078556,
    "sentKBytesPerSec" : 0.0
  },
  "Get Wallet Withdraw Blockchain suport" : {
    "transaction" : "Get Wallet Withdraw Blockchain suport",
    "sampleCount" : 100,
    "errorCount" : 63,
    "errorPct" : 63.0,
    "meanResTime" : 683.29,
    "medianResTime" : 624.0,
    "minResTime" : 418.0,
    "maxResTime" : 5677.0,
    "pct1ResTime" : 778.6,
    "pct2ResTime" : 873.4499999999998,
    "pct3ResTime" : 5630.2999999999765,
    "throughput" : 0.6675834813143383,