{
  "Get Whitelist Internal list" : {
    "transaction" : "Get Whitelist Internal list",
    "sampleCount" : 200,
    "errorCount" : 0,
    "errorPct" : 0.0,
    "meanResTime" : 6690.3399999999965,
    "medianResTime" : 2400.5,
    "minResTime" : 510.0,
    "maxResTime" : 23580.0,
    "pct1ResTime" : 21574.600000000002,
    "pct2ResTime" : 22179.65,
    "pct3ResTime" : 23306.100000000002,
    "throughput" : 3.0393289161753083,
    "receivedKBytesPerSec" : 2.2931499224971126,
    "sentKBytesPerSec" : 4.716213347592851
  },
  "Get Whitelist External list" : {
    "transaction" : "Get Whitelist External list",
    "sampleCount" : 200,
    "errorCount" : 0,
    "errorPct" : 0.0,
    "meanResTime" : 12847.07,
    "medianResTime" : 12630.0,
    "minResTime" : 890.0,
    "maxResTime" : 27271.0,
    "pct1ResTime" : 25441.2,
    "pct2ResTime" : 25944.6,
    "pct3ResTime" : 26731.050000000003,
    "throughput" : 2.6114092470001435,
    "receivedKBytesPerSec" : 3.1332830637053286,
    "sentKBytesPerSec" : 4.052198194536932
  },
  "POST Create a Whitelist Address Internal" : {
    "transaction" : "POST Create a Whitelist Address Internal",
    "sampleCount" : 200,
    "errorCount" : 155,
    "errorPct" : 77.5,
    "meanResTime" : 7949.245000000003,
    "medianResTime" : 3360.5,
    "minResTime" : 564.0,
    "maxResTime" : 26318.0,
    "pct1ResTime" : 22064.5,
    "pct2ResTime" : 22886.249999999996,
    "pct3ResTime" : 23683.210000000003,
    "throughput" : 2.5300442757748263,
    "receivedKBytesPerSec" : 1.4295738456672993,
    "sentKBytesPerSec" : 4.163133499367489
  },
  "Total" : {
    "transaction" : "Total",
    "sampleCount" : 2600,
    "errorCount" : 645,
    "errorPct" : 24.807692,
    "meanResTime" : 7164.458846153837,
    "medianResTime" : 1765.5,
    "minResTime" : 0.0,
    "maxResTime" : 36113.0,
    "pct1ResTime" : 23240.6,
    "pct2ResTime" : 25826.499999999993,
    "pct3ResTime" : 31844.759999999995,
    "throughput" : 21.406576759044277,
    "receivedKBytesPerSec" : 12.64132971891518,
    "sentKBytesPerSec" : 18.238614055373052
  },
  "Delete Whitelist Internal" : {
    "transaction" : "Delete Whitelist Internal",
    "sampleCount" : 200,
    "errorCount" : 149,
    "errorPct" : 74.5,
    "meanResTime" : 6147.764999999998,
    "medianResTime" : 2287.0,
    "minResTime" : 584.0,
    "maxResTime" : 23535.0,
    "pct1ResTime" : 20583.9,
    "pct2ResTime" : 21619.5,
    "pct3ResTime" : 23414.480000000003,
    "throughput" : 3.44050506614371,
    "receivedKBytesPerSec" : 1.9481355956804458,
    "sentKBytesPerSec" : 5.522816999535531
  },
  "Send 2FA" : {
    "transaction" : "Send 2FA",
    "sampleCount" : 1000,
    "errorCount" : 0,
    "errorPct" : 0.0,
    "meanResTime" : 20.959000000000003,
    "medianResTime" : 1.0,
    "minResTime" : 0.0,
    "maxResTime" : 1653.0,
    "pct1ResTime" : 1.0,
    "pct2ResTime" : 2.0,
    "pct3ResTime" : 1033.2800000000016,
    "throughput" : 8.436397995511836,
    "receivedKBytesPerSec" : 0.0,
    "sentKBytesPerSec" : 0.0
  },
  "POST Create a Whitelist Address External" : {
    "transaction" : "POST Create a Whitelist Address External",
    "sampleCount" : 200,
    "errorCount" : 175,
    "errorPct" : 87.5,
    "meanResTime" : 12745.199999999993,
    "medianResTime" : 15232.5,
    "minResTime" : 1049.0,
    "maxResTime" : 29590.0,
    "pct1ResTime" : 25960.8,
    "pct2ResTime" : 27584.55,
    "pct3ResTime" : 28513.65,
    "throughput" : 2.7282524179137053,
    "receivedKBytesPerSec" : 1.5209874014418814,
    "sentKBytesPerSec" : 4.782354729084535
  },
  "Delete Whitelist External" : {
    "transaction" : "Delete Whitelist External",
    "sampleCount" : 200,
    "errorCount" : 166,
    "errorPct" : 83.0,
    "meanResTime" : 10360.024999999998,
    "medianResTime" : 7006.5,
    "minResTime" : 92.0,
    "maxResTime" : 26630.0,
    "pct1ResTime" : 23078.4,
    "pct2ResTime" : 24226.75,
    "pct3ResTime" : 26065.72,
    "throughput" : 2.2019883955211554,
    "receivedKBytesPerSec" : 1.246058784832704,
    "sentKBytesPerSec" : 3.533815058435267
  },
  "Post Request-code-login" : {
    "transaction" : "Post Request-code-login",
    "sampleCount" : 200,
    "errorCount" : 0,
    "errorPct" : 0.0,
    "meanResTime" : 12346.634999999998,
    "medianResTime" : 12590.0,
    "minResTime" : 1917.0,
    "maxResTime" : 24797.0,
    "pct1ResTime" : 21341.7,
    "pct2ResTime" : 23096.599999999988,
    "pct3ResTime" : 24527.670000000002,
    "throughput" : 5.854972335255716,
    "receivedKBytesPerSec" : 3.5964624989021927,
    "sentKBytesPerSec" : 3.6592719433385055
  },
  "Post Authen" : {
    "transaction" : "Post Authen",
    "sampleCount" : 200,
    "errorCount" : 0,
    "errorPct" : 0.0,
    "meanResTime" : 23946.890000000003,
    "medianResTime" : 25012.0,
    "minResTime" : 1857.0,
    "maxResTime" : 36113.0,
    "pct1ResTime" : 33776.700000000004,
    "pct2ResTime" : 34809.8,
    "pct3ResTime" : 36017.83,
    "throughput" : 3.094011540663047,
    "receivedKBytesPerSec" : 8.829414574341362,
    "sentKBytesPerSec" : 2.287226880965641
  },
  "AUTHENTICATOR" : {
    "transaction" : "AUTHENTICATOR",
    "sampleCount" : 200,
    "errorCount" : 0,
    "errorPct" : 0.0,
    "meanResTime" : 36395.93,
    "medianResTime" : 37615.0,
    "minResTime" : 16539.0,
    "maxResTime" : 59339.0,
    "pct1ResTime" : 50664.00000000001,
    "pct2ResTime" : 54460.75,
    "pct3ResTime" : 58952.82000000001,
    "throughput" : 2.9134557955919416,
    "receivedKBytesPerSec" : 10.103773653619239,
    "sentKBytesPerSec" : 3.9746194753594475
  },
  "WHITE LIST" : {
    "transaction" : "WHITE LIST",
    "sampleCount" : 200,
    "errorCount" : 199,
    "errorPct" : 99.5,
    "meanResTime" : 56742.03999999999,
    "medianResTime" : 56638.5,
    "minResTime" : 12247.0,
    "maxResTime" : 94266.0,
    "pct1ResTime" : 76972.40000000001,
    "pct2ResTime" : 88044.34999999999,
    "pct3ResTime" : 93177.92,
    "throughput" : 1.9067958203035618,
    "receivedKBytesPerSec" : 8.025673813972999,
    "sentKBytesPerSec" : 18.518609209942987
  }
}