{
  "Get Wallet Deposit Address" : {
    "transaction" : "Get Wallet Deposit Address",
    "sampleCount" : 200,
    "errorCount" : 0,
    "errorPct" : 0.0,
    "meanResTime" : 9823.780000000006,
    "medianResTime" : 11430.0,
    "minResTime" : 489.0,
    "maxResTime" : 15875.0,
    "pct1ResTime" : 13365.1,
    "pct2ResTime" : 14202.25,
    "pct3ResTime" : 15796.880000000005,
    "throughput" : 4.239353922462216,
    "receivedKBytesPerSec" : 2.5543763380460818,
    "sentKBytesPerSec" : 6.636203486338682
  },
  "WALLET" : {
    "transaction" : "WALLET",
    "sampleCount" : 200,
    "errorCount" : 0,
    "errorPct" : 0.0,
    "meanResTime" : 15164.619999999999,
    "medianResTime" : 13368.5,
    "minResTime" : 1002.0,
    "maxResTime" : 30081.0,
    "pct1ResTime" : 24791.1,
    "pct2ResTime" : 25966.399999999998,
    "pct3ResTime" : 28879.24000000001,
    "throughput" : 4.140958217731583,
    "receivedKBytesPerSec" : 5.29347100294008,
    "sentKBytesPerSec" : 12.94413394446975
  },
  "Total" : {
    "transaction" : "Total",
    "sampleCount" : 1000,
    "errorCount" : 0,
    "errorPct" : 0.0,
    "meanResTime" : 8234.786000000007,
    "medianResTime" : 9256.0,
    "minResTime" : 0.0,
    "maxResTime" : 23420.0,
    "pct1ResTime" : 18429.9,
    "pct2ResTime" : 19741.249999999996,
    "pct3ResTime" : 22198.2,
    "throughput" : 19.107671730199673,
    "receivedKBytesPerSec" : 18.138032029234736,
    "sentKBytesPerSec" : 17.159099730104135
  },
  "Get Wallet Deposit Blockchain support" : {
    "transaction" : "Get Wallet Deposit Blockchain support",
    "sampleCount" : 200,
    "errorCount" : 0,
    "errorPct" : 0.0,
    "meanResTime" : 5340.8399999999965,
    "medianResTime" : 4510.5,
    "minResTime" : 456.0,
    "maxResTime" : 14890.0,
    "pct1ResTime" : 12078.2,
    "pct2ResTime" : 13240.649999999998,
    "pct3ResTime" : 14536.77,
    "throughput" : 4.868193656743665,
    "receivedKBytesPerSec" : 3.289833994596305,
    "sentKBytesPerSec" : 7.596806693157754
  },
  "Send 2FA" : {
    "transaction" : "Send 2FA",
    "sampleCount" : 200,
    "errorCount" : 0,
    "errorPct" : 0.0,
    "meanResTime" : 0.64,
    "medianResTime" : 1.0,
    "minResTime" : 0.0,
    "maxResTime" : 8.0,
    "pct1ResTime" : 1.0,
    "pct2ResTime" : 1.0,
    "pct3ResTime" : 8.0,
    "throughput" : 7.487832272557095,
    "receivedKBytesPerSec" : 0.0,
    "sentKBytesPerSec" : 0.0
  },
  "Post Request-code-login" : {
    "transaction" : "Post Request-code-login",
    "sampleCount" : 200,
    "errorCount" : 0,
    "errorPct" : 0.0,
    "meanResTime" : 8731.400000000001,
    "medianResTime" : 9928.5,
    "minResTime" : 671.0,
    "maxResTime" : 17683.0,
    "pct1ResTime" : 13246.0,
    "pct2ResTime" : 14491.049999999997,
    "pct3ResTime" : 16123.630000000008,
    "throughput" : 7.290223809870963,
    "receivedKBytesPerSec" : 4.478076930086753,
    "sentKBytesPerSec" : 4.556283090781512
  },
  "Post Authen" : {
    "transaction" : "Post Authen",
    "sampleCount" : 200,
    "errorCount" : 0,
    "errorPct" : 0.0,
    "meanResTime" : 17277.270000000008,
    "medianResTime" : 18429.5,
    "minResTime" : 3254.0,
    "maxResTime" : 23420.0,
    "pct1ResTime" : 20997.3,
    "pct2ResTime" : 22195.0,
    "pct3ResTime" : 23362.410000000007,
    "throughput" : 4.2718612499466015,
    "receivedKBytesPerSec" : 12.190573737665002,
    "sentKBytesPerSec" : 3.1579442268465123
  },
  "AUTHENTICATOR" : {
    "transaction" : "AUTHENTICATOR",
    "sampleCount" : 200,
    "errorCount" : 0,
    "errorPct" : 0.0,
    "meanResTime" : 26009.31000000001,
    "medianResTime" : 27890.0,
    "minResTime" : 3933.0,
    "maxResTime" : 37800.0,
    "pct1ResTime" : 34687.9,
    "pct2ResTime" : 35681.45,
    "pct3ResTime" : 37328.58,
    "throughput" : 4.206010388845661,
    "receivedKBytesPerSec" : 14.586230442051692,
    "sentKBytesPerSec" : 5.737959309478244
  }
}