{
  "Get Wallet Convert Curreny2 Swap enable" : {
    "transaction" : "Get Wallet Convert Curreny2 Swap enable",
    "sampleCount" : 200,
    "errorCount" : 3,
    "errorPct" : 1.5,
    "meanResTime" : 9280.445,
    "medianResTime" : 5376.5,
    "minResTime" : 470.0,
    "maxResTime" : 28942.0,
    "pct1ResTime" : 24569.7,
    "pct2ResTime" : 26247.1,
    "pct3ResTime" : 28389.99000000001,
    "throughput" : 2.772118036786006,
    "receivedKBytesPerSec" : 3.423484561035109,
    "sentKBytesPerSec" : 0.0
  },
  "POST Convert Create" : {
    "transaction" : "POST Convert Create",
    "sampleCount" : 200,
    "errorCount" : 4,
    "errorPct" : 2.0,
    "meanResTime" : 7409.684999999999,
    "medianResTime" : 1192.5,
    "minResTime" : 72.0,
    "maxResTime" : 28735.0,
    "pct1ResTime" : 22088.5,
    "pct2ResTime" : 24584.3,
    "pct3ResTime" : 27325.48,
    "throughput" : 3.4834102586432114,
    "receivedKBytesPerSec" : 2.9960389815379256,
    "sentKBytesPerSec" : 0.0
  },
  "WALLET" : {
    "transaction" : "WALLET",
    "sampleCount" : 200,
    "errorCount" : 4,
    "errorPct" : 2.0,
    "meanResTime" : 28984.915,
    "medianResTime" : 27813.0,
    "minResTime" : 1862.0,
    "maxResTime" : 62954.0,
    "pct1ResTime" : 48554.600000000006,
    "pct2ResTime" : 53250.1,
    "pct3ResTime" : 61925.66,
    "throughput" : 2.429277654289497,
    "receivedKBytesPerSec" : 8.675700163368923,
    "sentKBytesPerSec" : 0.0
  },
  "Total" : {
    "transaction" : "Total",
    "sampleCount" : 1200,
    "errorCount" : 13,
    "errorPct" : 1.0833334,
    "meanResTime" : 10531.005833333345,
    "medianResTime" : 9661.0,
    "minResTime" : 0.0,
    "maxResTime" : 35808.0,
    "pct1ResTime" : 25323.600000000002,
    "pct2ResTime" : 28021.200000000004,
    "pct3ResTime" : 32290.300000000007,
    "throughput" : 13.871870159295309,
    "receivedKBytesPerSec" : 16.13836531208818,
    "sentKBytesPerSec" : 0.0
  },
  "Send 2FA" : {
    "transaction" : "Send 2FA",
    "sampleCount" : 200,
    "errorCount" : 0,
    "errorPct" : 0.0,
    "meanResTime" : 0.6800000000000002,
    "medianResTime" : 1.0,
    "minResTime" : 0.0,
    "maxResTime" : 11.0,
    "pct1ResTime" : 1.0,
    "pct2ResTime" : 1.0,
    "pct3ResTime" : 9.980000000000018,
    "throughput" : 5.9522038034582305,
    "receivedKBytesPerSec" : 0.0,
    "sentKBytesPerSec" : 0.0
  },
  "Get Wallet Convert Currencies Swap Available" : {
    "transaction" : "Get Wallet Convert Currencies Swap Available",
    "sampleCount" : 200,
    "errorCount" : 3,
    "errorPct" : 1.5,
    "meanResTime" : 12294.785000000002,
    "medianResTime" : 14337.5,
    "minResTime" : 518.0,
    "maxResTime" : 29615.0,
    "pct1ResTime" : 24999.7,
    "pct2ResTime" : 26417.8,
    "pct3ResTime" : 28768.58,
    "throughput" : 2.4769335562573533,
    "receivedKBytesPerSec" : 3.6498123916341565,
    "sentKBytesPerSec" : 0.0
  },
  "Post Request-code-login" : {
    "transaction" : "Post Request-code-login",
    "sampleCount" : 200,
    "errorCount" : 0,
    "errorPct" : 0.0,
    "meanResTime" : 11455.319999999994,
    "medianResTime" : 12328.5,
    "minResTime" : 637.0,
    "maxResTime" : 24703.0,
    "pct1ResTime" : 19466.7,
    "pct2ResTime" : 20933.6,
    "pct3ResTime" : 23800.39000000001,
    "throughput" : 5.8132775258690845,
    "receivedKBytesPerSec" : 3.508403819323334,
    "sentKBytesPerSec" : 0.0
  },
  "Post Authen" : {
    "transaction" : "Post Authen",
    "sampleCount" : 200,
    "errorCount" : 3,
    "errorPct" : 1.5,
    "meanResTime" : 22745.120000000006,
    "medianResTime" : 23377.0,
    "minResTime" : 3364.0,
    "maxResTime" : 35808.0,
    "pct1ResTime" : 30805.4,
    "pct2ResTime" : 33295.95,
    "pct3ResTime" : 35678.47000000001,
    "throughput" : 2.9200916908790937,
    "receivedKBytesPerSec" : 8.20029616117446,
    "sentKBytesPerSec" : 0.0
  },
  "AUTHENTICATOR" : {
    "transaction" : "AUTHENTICATOR",
    "sampleCount" : 200,
    "errorCount" : 3,
    "errorPct" : 1.5,
    "meanResTime" : 34201.12,
    "medianResTime" : 36120.5,
    "minResTime" : 4070.0,
    "maxResTime" : 59501.0,
    "pct1ResTime" : 48452.1,
    "pct2ResTime" : 51254.7,
    "pct3ResTime" : 55543.990000000005,
    "throughput" : 2.8858363153641924,
    "receivedKBytesPerSec" : 9.845746412544731,
    "sentKBytesPerSec" : 0.0
  }
}