{
  "Get Wallet Currencies Info" : {
    "transaction" : "Get Wallet Currencies Info",
    "sampleCount" : 200,
    "errorCount" : 1,
    "errorPct" : 0.5,
    "meanResTime" : 9757.57,
    "medianResTime" : 3788.5,
    "minResTime" : 62.0,
    "maxResTime" : 28442.0,
    "pct1ResTime" : 25631.6,
    "pct2ResTime" : 27025.199999999997,
    "pct3ResTime" : 28406.370000000003,
    "throughput" : 1.9997200391945127,
    "receivedKBytesPerSec" : 4.6844223058771775,
    "sentKBytesPerSec" : 3.066660511278421
  },
  "Get Wallet Withdraw Get Currencies" : {
    "transaction" : "Get Wallet Withdraw Get Currencies",
    "sampleCount" : 200,
    "errorCount" : 3,
    "errorPct" : 1.5,
    "meanResTime" : 4850.705,
    "medianResTime" : 860.5,
    "minResTime" : 478.0,
    "maxResTime" : 26815.0,
    "pct1ResTime" : 22895.5,
    "pct2ResTime" : 25218.2,
    "pct3ResTime" : 26005.030000000002,
    "throughput" : 3.5507580868515425,
    "receivedKBytesPerSec" : 22.429851029054078,
    "sentKBytesPerSec" : 5.417506735344246
  },
  "Get Wallet Deposit Currencies" : {
    "transaction" : "Get Wallet Deposit Currencies",
    "sampleCount" : 200,
    "errorCount" : 3,
    "errorPct" : 1.5,
    "meanResTime" : 5104.715,
    "medianResTime" : 1355.0,
    "minResTime" : 529.0,
    "maxResTime" : 27688.0,
    "pct1ResTime" : 24408.300000000003,
    "pct2ResTime" : 25179.55,
    "pct3ResTime" : 27003.13,
    "throughput" : 3.225858481588413,
    "receivedKBytesPerSec" : 20.377486557242857,
    "sentKBytesPerSec" : 4.918646621316473
  },
  "Get Login page" : {
    "transaction" : "Get Login page",
    "sampleCount" : 200,
    "errorCount" : 0,
    "errorPct" : 0.0,
    "meanResTime" : 950.7100000000005,
    "medianResTime" : 875.0,
    "minResTime" : 178.0,
    "maxResTime" : 32915.0,
    "pct1ResTime" : 1104.1000000000001,
    "pct2ResTime" : 1223.35,
    "pct3ResTime" : 1567.020000000001,
    "throughput" : 4.68230556726132,
    "receivedKBytesPerSec" : 351.1247684453575,
    "sentKBytesPerSec" : 2.5332004729128625
  },
  "Get Wallet Balance Currency" : {
    "transaction" : "Get Wallet Balance Currency",
    "sampleCount" : 200,
    "errorCount" : 3,
    "errorPct" : 1.5,
    "meanResTime" : 6721.42,
    "medianResTime" : 1982.0,
    "minResTime" : 470.0,
    "maxResTime" : 27822.0,
    "pct1ResTime" : 24369.0,
    "pct2ResTime" : 25413.799999999996,
    "pct3ResTime" : 27155.840000000004,
    "throughput" : 2.869522798358633,
    "receivedKBytesPerSec" : 1.754962593080146,
    "sentKBytesPerSec" : 4.383728505480789
  },
  "Get Wallet Convert Currency2 Swap enable" : {
    "transaction" : "Get Wallet Convert Currency2 Swap enable",
    "sampleCount" : 200,
    "errorCount" : 3,
    "errorPct" : 1.5,
    "meanResTime" : 4832.1050000000005,
    "medianResTime" : 1230.5,
    "minResTime" : 471.0,
    "maxResTime" : 26839.0,
    "pct1ResTime" : 23922.3,
    "pct2ResTime" : 25220.899999999998,
    "pct3ResTime" : 26610.36,
    "throughput" : 2.921968822592663,
    "receivedKBytesPerSec" : 3.6427306437827807,
    "sentKBytesPerSec" : 4.5237727274387485
  },
  "Send 2FA" : {
    "transaction" : "Send 2FA",
    "sampleCount" : 200,
    "errorCount" : 0,
    "errorPct" : 0.0,
    "meanResTime" : 0.7249999999999999,
    "medianResTime" : 1.0,
    "minResTime" : 0.0,
    "maxResTime" : 11.0,
    "pct1ResTime" : 1.0,
    "pct2ResTime" : 1.0,
    "pct3ResTime" : 10.980000000000018,
    "throughput" : 3.759186512038795,
    "receivedKBytesPerSec" : 0.0,
    "sentKBytesPerSec" : 0.0
  },
  "Get Wallet Currencies" : {
    "transaction" : "Get Wallet Currencies",
    "sampleCount" : 200,
    "errorCount" : 0,
    "errorPct" : 0.0,
    "meanResTime" : 16756.08,
    "medianResTime" : 16566.5,
    "minResTime" : 552.0,
    "maxResTime" : 29943.0,
    "pct1ResTime" : 27326.4,
    "pct2ResTime" : 28023.0,
    "pct3ResTime" : 29226.220000000005,
    "throughput" : 2.243711997128049,
    "receivedKBytesPerSec" : 15.149438230608718,
    "sentKBytesPerSec" : 3.4780822642980547
  },
  "WALLET" : {
    "transaction" : "WALLET",
    "sampleCount" : 200,
    "errorCount" : 4,
    "errorPct" : 2.0,
    "meanResTime" : 55901.79499999999,
    "medianResTime" : 56491.0,
    "minResTime" : 12352.0,
    "maxResTime" : 110678.0,
    "pct1ResTime" : 79743.8,
    "pct2ResTime" : 87501.79999999999,
    "pct3ResTime" : 97944.93000000002,
    "throughput" : 1.7258786879870214,
    "receivedKBytesPerSec" : 43.2709051775282,
    "sentKBytesPerSec" : 18.548898053424576
  },
  "Total" : {
    "transaction" : "Total",
    "sampleCount" : 2200,
    "errorCount" : 19,
    "errorPct" : 0.8636364,
    "meanResTime" : 8306.676818181839,
    "medianResTime" : 2057.5,
    "minResTime" : 0.0,
    "maxResTime" : 37005.0,
    "pct1ResTime" : 25224.8,
    "pct2ResTime" : 27108.85,
    "pct3ResTime" : 32156.649999999972,
    "throughput" : 18.324018623866202,
    "receivedKBytesPerSec" : 172.40246624632476,
    "sentKBytesPerSec" : 21.077208929210983
  },
  "Get Wallet Convert Currencies Swap Available" : {
    "transaction" : "Get Wallet Convert Currencies Swap Available",
    "sampleCount" : 200,
    "errorCount" : 3,
    "errorPct" : 1.5,
    "meanResTime" : 7879.199999999999,
    "medianResTime" : 2480.5,
    "minResTime" : 489.0,
    "maxResTime" : 28023.0,
    "pct1ResTime" : 24907.7,
    "pct2ResTime" : 25602.4,
    "pct3ResTime" : 27628.61,
    "throughput" : 2.357990049281992,
    "receivedKBytesPerSec" : 3.5021448498549836,
    "sentKBytesPerSec" : 3.6252945645381875
  },
  "Post Request-code-login" : {
    "transaction" : "Post Request-code-login",
    "sampleCount" : 200,
    "errorCount" : 0,
    "errorPct" : 0.0,
    "meanResTime" : 11475.389999999996,
    "medianResTime" : 11877.5,
    "minResTime" : 701.0,
    "maxResTime" : 22807.0,
    "pct1ResTime" : 19461.8,
    "pct2ResTime" : 21120.15,
    "pct3ResTime" : 22730.340000000004,
    "throughput" : 3.710368625122906,
    "receivedKBytesPerSec" : 2.279122915236629,
    "sentKBytesPerSec" : 2.3189260395989093
  },
  "Post Authen" : {
    "transaction" : "Post Authen",
    "sampleCount" : 200,
    "errorCount" : 3,
    "errorPct" : 1.5,
    "meanResTime" : 23044.825000000008,
    "medianResTime" : 22359.0,
    "minResTime" : 2759.0,
    "maxResTime" : 37005.0,
    "pct1ResTime" : 32550.4,
    "pct2ResTime" : 34389.0,
    "pct3ResTime" : 36744.42,
    "throughput" : 2.924917371084267,
    "receivedKBytesPerSec" : 8.24322550290298,
    "sentKBytesPerSec" : 2.162225172021703
  },
  "AUTHENTICATOR" : {
    "transaction" : "AUTHENTICATOR",
    "sampleCount" : 200,
    "errorCount" : 3,
    "errorPct" : 1.5,
    "meanResTime" : 35471.65,
    "medianResTime" : 36332.0,
    "minResTime" : 3949.0,
    "maxResTime" : 60297.0,
    "pct1ResTime" : 50660.5,
    "pct2ResTime" : 53865.5,
    "pct3ResTime" : 58472.37,
    "throughput" : 2.865575837464539,
    "receivedKBytesPerSec" : 224.72490751801732,
    "sentKBytesPerSec" : 5.459621573845889
  }
}