{
  "WALLET" : {
    "transaction" : "WALLET",
    "sampleCount" : 200,
    "errorCount" : 0,
    "errorPct" : 0.0,
    "meanResTime" : 6132.684999999996,
    "medianResTime" : 6003.5,
    "minResTime" : 1408.0,
    "maxResTime" : 10655.0,
    "pct1ResTime" : 8749.1,
    "pct2ResTime" : 9834.05,
    "pct3ResTime" : 10243.12,
    "throughput" : 6.248828344685371,
    "receivedKBytesPerSec" : 8.822381448009748,
    "sentKBytesPerSec" : 10.373665289320753
  },
  "Total" : {
    "transaction" : "Total",
    "sampleCount" : 1000,
    "errorCount" : 0,
    "errorPct" : 0.0,
    "meanResTime" : 3630.819999999999,
    "medianResTime" : 2565.0,
    "minResTime" : 0.0,
    "maxResTime" : 14346.0,
    "pct1ResTime" : 9086.5,
    "pct2ResTime" : 10474.899999999992,
    "pct3ResTime" : 12870.470000000003,
    "throughput" : 28.986347430360297,
    "receivedKBytesPerSec" : 28.289429584915503,
    "sentKBytesPerSec" : 17.53283383214006
  },
  "Send 2FA" : {
    "transaction" : "Send 2FA",
    "sampleCount" : 400,
    "errorCount" : 0,
    "errorPct" : 0.0,
    "meanResTime" : 0.5100000000000005,
    "medianResTime" : 0.0,
    "minResTime" : 0.0,
    "maxResTime" : 14.0,
    "pct1ResTime" : 1.0,
    "pct2ResTime" : 1.0,
    "pct3ResTime" : 6.9500000000000455,
    "throughput" : 14.392113122009139,
    "receivedKBytesPerSec" : 0.0,
    "sentKBytesPerSec" : 0.0
  },
  "POST Wallet withdraw create" : {
    "transaction" : "POST Wallet withdraw create",
    "sampleCount" : 200,
    "errorCount" : 0,
    "errorPct" : 0.0,
    "meanResTime" : 6132.235,
    "medianResTime" : 6003.0,
    "minResTime" : 1407.0,
    "maxResTime" : 10655.0,
    "pct1ResTime" : 8748.1,
    "pct2ResTime" : 9834.05,
    "pct3ResTime" : 10243.11,
    "throughput" : 6.249023590064053,
    "receivedKBytesPerSec" : 8.822657104358694,
    "sentKBytesPerSec" : 10.373989415716293
  },
  "Post Request-code-login" : {
    "transaction" : "Post Request-code-login",
    "sampleCount" : 200,
    "errorCount" : 0,
    "errorPct" : 0.0,
    "meanResTime" : 4447.759999999999,
    "medianResTime" : 3675.0,
    "minResTime" : 615.0,
    "maxResTime" : 10019.0,
    "pct1ResTime" : 8182.6,
    "pct2ResTime" : 8961.999999999998,
    "pct3ResTime" : 9582.630000000001,
    "throughput" : 10.371292263015972,
    "receivedKBytesPerSec" : 6.3706472982783655,
    "sentKBytesPerSec" : 6.4819057411584735
  },
  "Post Authen" : {
    "transaction" : "Post Authen",
    "sampleCount" : 200,
    "errorCount" : 0,
    "errorPct" : 0.0,
    "meanResTime" : 7573.084999999996,
    "medianResTime" : 7968.0,
    "minResTime" : 1437.0,
    "maxResTime" : 14346.0,
    "pct1ResTime" : 12142.8,
    "pct2ResTime" : 12860.349999999997,
    "pct3ResTime" : 14286.940000000004,
    "throughput" : 7.198387561186294,
    "receivedKBytesPerSec" : 20.5419064254607,
    "sentKBytesPerSec" : 5.321358796879499
  },
  "AUTHENTICATOR" : {
    "transaction" : "AUTHENTICATOR",
    "sampleCount" : 200,
    "errorCount" : 0,
    "errorPct" : 0.0,
    "meanResTime" : 12021.414999999997,
    "medianResTime" : 13032.5,
    "minResTime" : 2155.0,
    "maxResTime" : 21242.0,
    "pct1ResTime" : 16855.2,
    "pct2ResTime" : 18516.199999999997,
    "pct3ResTime" : 21005.76000000001,
    "throughput" : 7.009919035435141,
    "receivedKBytesPerSec" : 24.309974786197472,
    "sentKBytesPerSec" : 9.563131440363113
  }
}