{
  "Get Trade History Ticker" : {
    "transaction" : "Get Trade History Ticker",
    "sampleCount" : 200,
    "errorCount" : 0,
    "errorPct" : 0.0,
    "meanResTime" : 27624.540000000008,
    "medianResTime" : 22646.5,
    "minResTime" : 751.0,
    "maxResTime" : 59892.0,
    "pct1ResTime" : 54914.5,
    "pct2ResTime" : 56389.9,
    "pct3ResTime" : 59807.35000000001,
    "throughput" : 2.2190908384834733,
    "receivedKBytesPerSec" : 19.678795702869284,
    "sentKBytesPerSec" : 3.449992787954775
  },
  "POST Create Trade Order Sell" : {
    "transaction" : "POST Create Trade Order Sell",
    "sampleCount" : 200,
    "errorCount" : 0,
    "errorPct" : 0.0,
    "meanResTime" : 6986.409999999999,
    "medianResTime" : 4866.5,
    "minResTime" : 669.0,
    "maxResTime" : 19320.0,
    "pct1ResTime" : 16543.6,
    "pct2ResTime" : 17174.0,
    "pct3ResTime" : 19107.40000000001,
    "throughput" : 2.556629339878304,
    "receivedKBytesPerSec" : 1.445594128700721,
    "sentKBytesPerSec" : 4.15701938564197
  },
  "Total" : {
    "transaction" : "Total",
    "sampleCount" : 1600,
    "errorCount" : 0,
    "errorPct" : 0.0,
    "meanResTime" : 12675.32624999999,
    "medianResTime" : 6462.5,
    "minResTime" : 0.0,
    "maxResTime" : 59892.0,
    "pct1ResTime" : 35424.600000000006,
    "pct2ResTime" : 45101.1,
    "pct3ResTime" : 55506.32,
    "throughput" : 13.096183281085018,
    "receivedKBytesPerSec" : 164.8287354304961,
    "sentKBytesPerSec" : 13.529370876748544
  },
  "Get Login page" : {
    "transaction" : "Get Login page",
    "sampleCount" : 200,
    "errorCount" : 0,
    "errorPct" : 0.0,
    "meanResTime" : 491.9250000000002,
    "medianResTime" : 218.0,
    "minResTime" : 169.0,
    "maxResTime" : 2814.0,
    "pct1ResTime" : 1467.8,
    "pct2ResTime" : 2594.25,
    "pct3ResTime" : 2804.59,
    "throughput" : 20.701790704895974,
    "receivedKBytesPerSec" : 1552.5691043564332,
    "sentKBytesPerSec" : 11.199992236828486
  },
  "Send 2FA" : {
    "transaction" : "Send 2FA",
    "sampleCount" : 200,
    "errorCount" : 0,
    "errorPct" : 0.0,
    "meanResTime" : 97.92499999999998,
    "medianResTime" : 1.0,
    "minResTime" : 0.0,
    "maxResTime" : 1860.0,
    "pct1ResTime" : 135.30000000000084,
    "pct2ResTime" : 1037.6499999999992,
    "pct3ResTime" : 1851.2700000000016,
    "throughput" : 7.256367462448298,
    "receivedKBytesPerSec" : 0.0,
    "sentKBytesPerSec" : 0.0
  },
  "POST Create Trade Order Buy" : {
    "transaction" : "POST Create Trade Order Buy",
    "sampleCount" : 200,
    "errorCount" : 0,
    "errorPct" : 0.0,
    "meanResTime" : 3344.094999999999,
    "medianResTime" : 2562.0,
    "minResTime" : 893.0,
    "maxResTime" : 19042.0,
    "pct1ResTime" : 5837.3,
    "pct2ResTime" : 7123.099999999997,
    "pct3ResTime" : 12201.82000000001,
    "throughput" : 2.4321727815544016,
    "receivedKBytesPerSec" : 1.375222695820311,
    "sentKBytesPerSec" : 3.9451552638299425
  },
  "Get Trade Order History" : {
    "transaction" : "Get Trade Order History",
    "sampleCount" : 200,
    "errorCount" : 0,
    "errorPct" : 0.0,
    "meanResTime" : 30329.06499999997,
    "medianResTime" : 31724.0,
    "minResTime" : 2902.0,
    "maxResTime" : 54623.0,
    "pct1ResTime" : 46829.9,
    "pct2ResTime" : 50026.15,
    "pct3ResTime" : 54173.44000000001,
    "throughput" : 2.2170245313764396,
    "receivedKBytesPerSec" : 27.10189081015619,
    "sentKBytesPerSec" : 3.4511104521621534
  },
  "SPOT TRADE" : {
    "transaction" : "SPOT TRADE",
    "sampleCount" : 200,
    "errorCount" : 0,
    "errorPct" : 0.0,
    "meanResTime" : 68284.10999999999,
    "medianResTime" : 68541.5,
    "minResTime" : 7710.0,
    "maxResTime" : 91553.0,
    "pct1ResTime" : 81611.1,
    "pct2ResTime" : 83181.2,
    "pct3ResTime" : 87344.14,
    "throughput" : 1.8460402436773122,
    "receivedKBytesPerSec" : 41.025026464717556,
    "sentKBytesPerSec" : 11.739662174635408
  },
  "Post Request-code-login" : {
    "transaction" : "Post Request-code-login",
    "sampleCount" : 200,
    "errorCount" : 0,
    "errorPct" : 0.0,
    "meanResTime" : 10335.865000000005,
    "medianResTime" : 11194.5,
    "minResTime" : 1589.0,
    "maxResTime" : 21189.0,
    "pct1ResTime" : 16557.100000000002,
    "pct2ResTime" : 17184.7,
    "pct3ResTime" : 19225.510000000006,
    "throughput" : 6.849549642111031,
    "receivedKBytesPerSec" : 4.2073893797732795,
    "sentKBytesPerSec" : 4.280868191119558
  },
  "Post Authen" : {
    "transaction" : "Post Authen",
    "sampleCount" : 200,
    "errorCount" : 0,
    "errorPct" : 0.0,
    "meanResTime" : 22192.784999999996,
    "medianResTime" : 22771.0,
    "minResTime" : 1122.0,
    "maxResTime" : 31587.0,
    "pct1ResTime" : 26423.0,
    "pct2ResTime" : 27184.649999999998,
    "pct3ResTime" : 30120.79000000001,
    "throughput" : 3.889915394340173,
    "receivedKBytesPerSec" : 11.100808069143246,
    "sentKBytesPerSec" : 2.875593364047457
  },
  "AUTHENTICATOR" : {
    "transaction" : "AUTHENTICATOR",
    "sampleCount" : 200,
    "errorCount" : 0,
    "errorPct" : 0.0,
    "meanResTime" : 33118.500000000015,
    "medianResTime" : 34354.0,
    "minResTime" : 12887.0,
    "maxResTime" : 48122.0,
    "pct1ResTime" : 42864.1,
    "pct2ResTime" : 44120.3,
    "pct3ResTime" : 46138.23,
    "throughput" : 3.5760902605181757,
    "receivedKBytesPerSec" : 280.59738098883366,
    "sentKBytesPerSec" : 6.813325015198384
  }
}