{
  "Get Wallet Transfer List" : {
    "transaction" : "Get Wallet Transfer List",
    "sampleCount" : 200,
    "errorCount" : 0,
    "errorPct" : 0.0,
    "meanResTime" : 1913.6299999999999,
    "medianResTime" : 1535.5,
    "minResTime" : 535.0,
    "maxResTime" : 4820.0,
    "pct1ResTime" : 3768.8,
    "pct2ResTime" : 4216.299999999999,
    "pct3ResTime" : 4645.240000000001,
    "throughput" : 10.407993338884264,
    "receivedKBytesPerSec" : 75.59994356916111,
    "sentKBytesPerSec" : 16.262032209486886
  },
  "WALLET" : {
    "transaction" : "WALLET",
    "sampleCount" : 200,
    "errorCount" : 0,
    "errorPct" : 0.0,
    "meanResTime" : 9006.599999999995,
    "medianResTime" : 8740.5,
    "minResTime" : 4233.0,
    "maxResTime" : 13891.0,
    "pct1ResTime" : 12273.900000000001,
    "pct2ResTime" : 12813.25,
    "pct3ResTime" : 13620.97,
    "throughput" : 8.371703641691083,
    "receivedKBytesPerSec" : 236.57085535265801,
    "sentKBytesPerSec" : 52.133639859773965
  },
  "Total" : {
    "transaction" : "Total",
    "sampleCount" : 1400,
    "errorCount" : 0,
    "errorPct" : 0.0,
    "meanResTime" : 2166.1814285714227,
    "medianResTime" : 1924.5,
    "minResTime" : 0.0,
    "maxResTime" : 7604.0,
    "pct1ResTime" : 4315.8,
    "pct2ResTime" : 5242.950000000002,
    "pct3ResTime" : 6854.97,
    "throughput" : 54.76451259583789,
    "receivedKBytesPerSec" : 248.21109977654123,
    "sentKBytesPerSec" : 59.39283208320294
  },
  "Get Wallet Transactions" : {
    "transaction" : "Get Wallet Transactions",
    "sampleCount" : 200,
    "errorCount" : 0,
    "errorPct" : 0.0,
    "meanResTime" : 2550.590000000001,
    "medianResTime" : 2570.5,
    "minResTime" : 756.0,
    "maxResTime" : 4958.0,
    "pct1ResTime" : 4045.2000000000003,
    "pct2ResTime" : 4501.75,
    "pct3ResTime" : 4816.63,
    "throughput" : 9.846881000443108,
    "receivedKBytesPerSec" : 86.1012140127271,
    "sentKBytesPerSec" : 15.241077418024716
  },
  "Send 2FA" : {
    "transaction" : "Send 2FA",
    "sampleCount" : 200,
    "errorCount" : 0,
    "errorPct" : 0.0,
    "meanResTime" : 0.4400000000000001,
    "medianResTime" : 0.0,
    "minResTime" : 0.0,
    "maxResTime" : 8.0,
    "pct1ResTime" : 1.0,
    "pct2ResTime" : 1.0,
    "pct3ResTime" : 6.990000000000009,
    "throughput" : 14.623089858887182,
    "receivedKBytesPerSec" : 0.0,
    "sentKBytesPerSec" : 0.0
  },
  "Get Wallet Withdraw List" : {
    "transaction" : "Get Wallet Withdraw List",
    "sampleCount" : 200,
    "errorCount" : 0,
    "errorPct" : 0.0,
    "meanResTime" : 2301.0650000000005,
    "medianResTime" : 2234.0,
    "minResTime" : 593.0,
    "maxResTime" : 4930.0,
    "pct1ResTime" : 3789.4,
    "pct2ResTime" : 4144.65,
    "pct3ResTime" : 4898.43,
    "throughput" : 9.979044007584074,
    "receivedKBytesPerSec" : 88.2746817620497,
    "sentKBytesPerSec" : 15.523601608497154
  },
  "Get Wallet Deposit Lits" : {
    "transaction" : "Get Wallet Deposit Lits",
    "sampleCount" : 200,
    "errorCount" : 0,
    "errorPct" : 0.0,
    "meanResTime" : 2241.315,
    "medianResTime" : 2276.0,
    "minResTime" : 555.0,
    "maxResTime" : 4684.0,
    "pct1ResTime" : 3722.1000000000004,
    "pct2ResTime" : 4137.549999999999,
    "pct3ResTime" : 4463.89,
    "throughput" : 9.502541929966265,
    "receivedKBytesPerSec" : 32.35360331935668,
    "sentKBytesPerSec" : 14.838024347294152
  },
  "Post Request-code-login" : {
    "transaction" : "Post Request-code-login",
    "sampleCount" : 200,
    "errorCount" : 0,
    "errorPct" : 0.0,
    "meanResTime" : 2196.984999999999,
    "medianResTime" : 2085.5,
    "minResTime" : 651.0,
    "maxResTime" : 5152.0,
    "pct1ResTime" : 4101.9,
    "pct2ResTime" : 4364.85,
    "pct3ResTime" : 4891.1900000000005,
    "throughput" : 13.836042891732966,
    "receivedKBytesPerSec" : 8.498897440332065,
    "sentKBytesPerSec" : 8.647324130923556
  },
  "Post Authen" : {
    "transaction" : "Post Authen",
    "sampleCount" : 200,
    "errorCount" : 0,
    "errorPct" : 0.0,
    "meanResTime" : 3959.2450000000003,
    "medianResTime" : 4319.0,
    "minResTime" : 880.0,
    "maxResTime" : 7604.0,
    "pct1ResTime" : 6775.0,
    "pct2ResTime" : 7044.15,
    "pct3ResTime" : 7393.1900000000005,
    "throughput" : 10.213982942648485,
    "receivedKBytesPerSec" : 29.147605219983657,
    "sentKBytesPerSec" : 7.550617068203871
  },
  "AUTHENTICATOR" : {
    "transaction" : "AUTHENTICATOR",
    "sampleCount" : 200,
    "errorCount" : 0,
    "errorPct" : 0.0,
    "meanResTime" : 6156.670000000001,
    "medianResTime" : 6333.0,
    "minResTime" : 1620.0,
    "maxResTime" : 11836.0,
    "pct1ResTime" : 9753.2,
    "pct2ResTime" : 10368.199999999997,
    "pct3ResTime" : 11497.45,
    "throughput" : 9.819806549810968,
    "receivedKBytesPerSec" : 34.05463840096725,
    "sentKBytesPerSec" : 13.39646011317327
  }
}