{
  "Get Trade Data Candle Ticker" : {
    "transaction" : "Get Trade Data Candle Ticker",
    "sampleCount" : 200,
    "errorCount" : 0,
    "errorPct" : 0.0,
    "meanResTime" : 33858.96999999999,
    "medianResTime" : 32867.0,
    "minResTime" : 9093.0,
    "maxResTime" : 45646.0,
    "pct1ResTime" : 40074.200000000004,
    "pct2ResTime" : 43407.899999999994,
    "pct3ResTime" : 45162.560000000005,
    "throughput" : 2.932078403776517,
    "receivedKBytesPerSec" : 1.9380064707305273,
    "sentKBytesPerSec" : 4.687416962623331
  },
  "Get Trade Detail Ticker Symbol" : {
    "transaction" : "Get Trade Detail Ticker Symbol",
    "sampleCount" : 200,
    "errorCount" : 0,
    "errorPct" : 0.0,
    "meanResTime" : 5524.325000000001,
    "medianResTime" : 3858.5,
    "minResTime" : 607.0,
    "maxResTime" : 17595.0,
    "pct1ResTime" : 13265.7,
    "pct2ResTime" : 15023.15,
    "pct3ResTime" : 16499.74,
    "throughput" : 4.814984230926644,
    "receivedKBytesPerSec" : 14.778992223800467,
    "sentKBytesPerSec" : 7.4389390407949545
  },
  "Get All Trade Ticker History" : {
    "transaction" : "Get All Trade Ticker History",
    "sampleCount" : 200,
    "errorCount" : 0,
    "errorPct" : 0.0,
    "meanResTime" : 1940.545,
    "medianResTime" : 1483.0,
    "minResTime" : 700.0,
    "maxResTime" : 8198.0,
    "pct1ResTime" : 3718.6000000000004,
    "pct2ResTime" : 4139.199999999999,
    "pct3ResTime" : 5316.230000000003,
    "throughput" : 3.2293483175095266,
    "receivedKBytesPerSec" : 15.292099601175483,
    "sentKBytesPerSec" : 5.083811049820771
  },
  "Get Trade Depth Data Ticker" : {
    "transaction" : "Get Trade Depth Data Ticker",
    "sampleCount" : 200,
    "errorCount" : 0,
    "errorPct" : 0.0,
    "meanResTime" : 4489.9400000000005,
    "medianResTime" : 3274.5,
    "minResTime" : 646.0,
    "maxResTime" : 15617.0,
    "pct1ResTime" : 11349.5,
    "pct2ResTime" : 14279.249999999995,
    "pct3ResTime" : 15516.190000000002,
    "throughput" : 5.142049106568968,
    "receivedKBytesPerSec" : 3.389534323177786,
    "sentKBytesPerSec" : 7.964326030016711
  },
  "Send 2FA" : {
    "transaction" : "Send 2FA",
    "sampleCount" : 200,
    "errorCount" : 0,
    "errorPct" : 0.0,
    "meanResTime" : 72.34999999999998,
    "medianResTime" : 1.0,
    "minResTime" : 0.0,
    "maxResTime" : 1482.0,
    "pct1ResTime" : 3.9000000000000057,
    "pct2ResTime" : 740.2499999999998,
    "pct3ResTime" : 1468.6000000000004,
    "throughput" : 8.328475056217206,
    "receivedKBytesPerSec" : 0.0,
    "sentKBytesPerSec" : 0.0
  },
  "POST Favorite Ticker" : {
    "transaction" : "POST Favorite Ticker",
    "sampleCount" : 200,
    "errorCount" : 0,
    "errorPct" : 0.0,
    "meanResTime" : 1757.049999999999,
    "medianResTime" : 1506.5,
    "minResTime" : 573.0,
    "maxResTime" : 5407.0,
    "pct1ResTime" : 3430.7000000000003,
    "pct2ResTime" : 3974.349999999998,
    "pct3ResTime" : 5027.320000000005,
    "throughput" : 3.644447683953497,
    "receivedKBytesPerSec" : 2.050001822223842,
    "sentKBytesPerSec" : 5.740841474497977
  },
  "POST UnFavorite Ticker" : {
    "transaction" : "POST UnFavorite Ticker",
    "sampleCount" : 200,
    "errorCount" : 0,
    "errorPct" : 0.0,
    "meanResTime" : 1604.1850000000002,
    "medianResTime" : 1206.0,
    "minResTime" : 572.0,
    "maxResTime" : 5606.0,
    "pct1ResTime" : 3311.8,
    "pct2ResTime" : 3849.549999999998,
    "pct3ResTime" : 5326.170000000007,
    "throughput" : 3.820293398533007,
    "receivedKBytesPerSec" : 2.1563765472188265,
    "sentKBytesPerSec" : 6.025300340722418
  },
  "Get Trade List Ticker" : {
    "transaction" : "Get Trade List Ticker",
    "sampleCount" : 200,
    "errorCount" : 0,
    "errorPct" : 0.0,
    "meanResTime" : 6981.885000000007,
    "medianResTime" : 5573.5,
    "minResTime" : 887.0,
    "maxResTime" : 19838.0,
    "pct1ResTime" : 15535.100000000002,
    "pct2ResTime" : 16924.299999999996,
    "pct3ResTime" : 19516.31,
    "throughput" : 4.220388697799067,
    "receivedKBytesPerSec" : 48.31873150282766,
    "sentKBytesPerSec" : 6.532679491812446
  },
  "Total" : {
    "transaction" : "Total",
    "sampleCount" : 2200,
    "errorCount" : 0,
    "errorPct" : 0.0,
    "meanResTime" : 8080.198181818178,
    "medianResTime" : 3417.0,
    "minResTime" : 0.0,
    "maxResTime" : 45646.0,
    "pct1ResTime" : 21349.800000000025,
    "pct2ResTime" : 32288.44999999999,
    "pct3ResTime" : 39061.29999999996,
    "throughput" : 21.004993459808855,
    "receivedKBytesPerSec" : 49.20022517711029,
    "sentKBytesPerSec" : 26.510319448953094
  },
  "Get Favorite Ticker" : {
    "transaction" : "Get Favorite Ticker",
    "sampleCount" : 200,
    "errorCount" : 0,
    "errorPct" : 0.0,
    "meanResTime" : 8264.185000000001,
    "medianResTime" : 8971.0,
    "minResTime" : 743.0,
    "maxResTime" : 20065.0,
    "pct1ResTime" : 15592.4,
    "pct2ResTime" : 16843.8,
    "pct3ResTime" : 18617.08,
    "throughput" : 4.391936404760859,
    "receivedKBytesPerSec" : 2.620579241512583,
    "sentKBytesPerSec" : 6.81537174310466
  },
  "SPOT TRADE" : {
    "transaction" : "SPOT TRADE",
    "sampleCount" : 200,
    "errorCount" : 0,
    "errorPct" : 0.0,
    "meanResTime" : 64421.084999999955,
    "medianResTime" : 64112.5,
    "minResTime" : 44476.0,
    "maxResTime" : 87852.0,
    "pct1ResTime" : 76981.5,
    "pct2ResTime" : 80813.3,
    "pct3ResTime" : 85153.13,
    "throughput" : 2.076951035879329,
    "receivedKBytesPerSec" : 46.3105824711823,
    "sentKBytesPerSec" : 26.00099304221403
  },
  "Post Request-code-login" : {
    "transaction" : "Post Request-code-login",
    "sampleCount" : 200,
    "errorCount" : 0,
    "errorPct" : 0.0,
    "meanResTime" : 7709.610000000001,
    "medianResTime" : 8855.5,
    "minResTime" : 1089.0,
    "maxResTime" : 16539.0,
    "pct1ResTime" : 12010.2,
    "pct2ResTime" : 12724.499999999998,
    "pct3ResTime" : 14069.82,
    "throughput" : 7.946598855689765,
    "receivedKBytesPerSec" : 4.8812604299109985,
    "sentKBytesPerSec" : 4.966507879549428
  },
  "Post Authen" : {
    "transaction" : "Post Authen",
    "sampleCount" : 200,
    "errorCount" : 0,
    "errorPct" : 0.0,
    "meanResTime" : 16679.134999999995,
    "medianResTime" : 16610.0,
    "minResTime" : 2490.0,
    "maxResTime" : 26432.0,
    "pct1ResTime" : 21512.100000000002,
    "pct2ResTime" : 22534.749999999996,
    "pct3ResTime" : 25677.530000000006,
    "throughput" : 4.488834025361912,
    "receivedKBytesPerSec" : 12.810119690551005,
    "sentKBytesPerSec" : 3.3183398678599483
  },
  "AUTHENTICATOR" : {
    "transaction" : "AUTHENTICATOR",
    "sampleCount" : 200,
    "errorCount" : 0,
    "errorPct" : 0.0,
    "meanResTime" : 24461.09500000001,
    "medianResTime" : 25468.0,
    "minResTime" : 8285.0,
    "maxResTime" : 40342.0,
    "pct1ResTime" : 31627.3,
    "pct2ResTime" : 32796.6,
    "pct3ResTime" : 38297.48,
    "throughput" : 4.213098523308967,
    "receivedKBytesPerSec" : 14.611161452518381,
    "sentKBytesPerSec" : 5.747629144635673
  }
}